{"cameraMode":{"drawMode":0,"name":"Shaded","section":"Shading Mode"},"sceneLighting":false,"audioPlay":false,"sceneViewState":{"showFog":true,"showMaterialUpdate":false,"showSkybox":true,"showFlares":true,"showImageEffects":true,"showParticleSystems":true},"in2DMode":false,"pivot":{"x":3.725290298461914e-9,"y":0.020500008016824724,"z":3.725290298461914e-9},"rotation":{"x":-0.0073520406149327759,"y":-0.7330839037895203,"z":0.0079239122569561,"w":-0.6800587177276611},"size":30.443044662475587,"orthographic":false}