{"cameraMode":{"drawMode":0,"name":"Shaded","section":"Shading Mode"},"sceneLighting":false,"audioPlay":false,"sceneViewState":{"showFog":true,"showMaterialUpdate":false,"showSkybox":true,"showFlares":true,"showImageEffects":true,"showParticleSystems":true},"in2DMode":false,"pivot":{"x":3.725290298461914e-9,"y":0.020500008016824724,"z":3.725290298461914e-9},"rotation":{"x":-0.06222042441368103,"y":-0.8791682124137878,"z":0.11969099938869477,"w":-0.4570261240005493},"size":2.2776379585266115,"orthographic":false}