{"cameraMode":{"drawMode":0,"name":"Shaded","section":"Shading Mode"},"sceneLighting":false,"audioPlay":false,"sceneViewState":{"showFog":true,"showMaterialUpdate":false,"showSkybox":true,"showFlares":true,"showImageEffects":true,"showParticleSystems":true},"in2DMode":false,"pivot":{"x":4.019999980926514,"y":-0.08128082752227783,"z":0.0},"rotation":{"x":-0.037499573081731799,"y":-0.9419580101966858,"z":0.11244272440671921,"w":-0.31413453817367556},"size":3.739154100418091,"orthographic":false}